{"__comment": "Designed by Leomelki with Cubik Studio - https://cubik.studio","elements": [{"from": [ -2, 29, 25 ],"to": [ -1.999, 32, 28 ],"shade": false,"faces": {"west": { "uv": [ 0, 0, 16, 16 ], "texture": "#role" },"east": { "uv": [ 0, 0, 16, 16 ], "texture": "#role" }}}],"display": {"thirdperson_righthand": {"rotation": [ 0, -90, 0 ],"translation": [ 0, 0, -80 ]},"thirdperson_lefthand": {"rotation": [ 0, 90, 0 ],"translation": [ 0, 0, -80 ]},"firstperson_righthand": {"rotation": [ 0, 90, 0 ],"translation": [ 26.437, 26.433, -27.82 ],"scale": [ 1, 0.7, 0.7 ]},"firstperson_lefthand": {"rotation": [ 0, 90, 0 ],"translation": [ -66.5, -9.724, -5.537 ],"scale": [ 1, 1.5, 1.5 ]}}}